s1_test_0000.wav,one
s1_test_0001.wav,one
s1_test_0002.wav,one
s1_test_0003.wav,one
s1_test_0004.wav,one
s1_test_0005.wav,one
s1_test_0006.wav,one
s1_test_0007.wav,one
s1_test_0008.wav,one
s1_test_0009.wav,one
s1_test_0010.wav,one
s1_test_0011.wav,one
s1_test_0012.wav,one
s1_test_0013.wav,one
s1_test_0014.wav,one
s1_test_0015.wav,one
s1_test_0016.wav,one
s1_test_0017.wav,one
s1_test_0018.wav,one
s1_test_0019.wav,one
s1_test_0020.wav,one
s1_test_0021.wav,one
s1_test_0022.wav,one
s1_test_0023.wav,one
s1_test_0024.wav,one
s1_test_0025.wav,one
s1_test_0026.wav,one
s1_test_0027.wav,one
s1_test_0028.wav,one
s1_test_0029.wav,one
s1_test_0030.wav,one
s1_test_0031.wav,one
s1_test_0032.wav,one
s1_test_0033.wav,one
s1_test_0034.wav,one
s1_test_0035.wav,one
s1_test_0036.wav,one
s1_test_0037.wav,one
s1_test_0038.wav,one
s1_test_0039.wav,one
s1_test_0040.wav,one
s1_test_0041.wav,one
s1_test_0042.wav,one
s1_test_0043.wav,one
s1_test_0044.wav,one
s1_test_0045.wav,one
s1_test_0046.wav,one
s1_test_0047.wav,one
s1_test_0048.wav,one
s1_test_0049.wav,one
s1_test_0050.wav,one
s1_test_0051.wav,one
s1_test_0052.wav,one
s1_test_0053.wav,one
s1_test_0054.wav,one
s1_test_0055.wav,one
s1_test_0056.wav,one
s1_test_0057.wav,one
s1_test_0058.wav,one
s1_test_0059.wav,one
s1_test_0060.wav,one
s1_test_0061.wav,one
s1_test_0062.wav,one
s1_test_0063.wav,one
s1_test_0064.wav,one
s1_test_0065.wav,one
s1_test_0066.wav,one
s1_test_0067.wav,one
s1_test_0068.wav,one
s1_test_0069.wav,one
s1_test_0070.wav,one
s1_test_0071.wav,one
s1_test_0072.wav,one
s1_test_0073.wav,one
s1_test_0074.wav,one
s1_test_0075.wav,one
s1_test_0076.wav,one
s1_test_0077.wav,one
s1_test_0078.wav,one
s1_test_0079.wav,one
s1_test_0080.wav,one
s1_test_0081.wav,one
s1_test_0082.wav,one
s1_test_0083.wav,one
s1_test_0084.wav,one
s1_test_0085.wav,one
s1_test_0086.wav,one
s1_test_0087.wav,one
s1_test_0088.wav,one
s1_test_0089.wav,one
s1_test_0090.wav,one
s1_test_0091.wav,one
s1_test_0092.wav,one
s1_test_0093.wav,one
s1_test_0094.wav,one
s1_test_0095.wav,one
s1_test_0096.wav,one
s1_test_0097.wav,one
s1_test_0098.wav,one
s1_test_0099.wav,one
s1_test_0100.wav,one
s1_test_0101.wav,one
s1_test_0102.wav,one
s1_test_0103.wav,one
s1_test_0104.wav,one
s1_test_0105.wav,one
s1_test_0106.wav,one
s1_test_0107.wav,one
s1_test_0108.wav,one
s1_test_0109.wav,one
s1_test_0110.wav,one
s1_test_0111.wav,one
s1_test_0112.wav,one
s1_test_0113.wav,one
s1_test_0114.wav,one
s1_test_0115.wav,one
s1_test_0116.wav,one
s1_test_0117.wav,one
s1_test_0118.wav,one
s1_test_0119.wav,one
s1_test_0120.wav,one
s1_test_0121.wav,one
s1_test_0122.wav,one
s1_test_0123.wav,one
s1_test_0124.wav,one
s1_test_0125.wav,one
s1_test_0126.wav,one
s1_test_0127.wav,one
s1_test_0128.wav,one
s1_test_0129.wav,one
s1_test_0130.wav,one
s1_test_0131.wav,one
s1_test_0132.wav,one
s1_test_0133.wav,one
s1_test_0134.wav,one
s1_test_0135.wav,one
s1_test_0136.wav,one
s1_test_0137.wav,one
s1_test_0138.wav,one
s1_test_0139.wav,one
s1_test_0140.wav,one
s1_test_0141.wav,one
s1_test_0142.wav,one
s1_test_0143.wav,one
s1_test_0144.wav,one
s1_test_0145.wav,one
s1_test_0146.wav,one
s1_test_0147.wav,one
s1_test_0148.wav,one
s1_test_0149.wav,one
s1_test_0150.wav,one
s1_test_0151.wav,one
s1_test_0152.wav,one
s1_test_0153.wav,one
s1_test_0154.wav,one
s1_test_0155.wav,one
s1_test_0156.wav,one
s1_test_0157.wav,one
s1_test_0158.wav,one
s1_test_0159.wav,one
s1_test_0160.wav,one
s1_test_0161.wav,one
s1_test_0162.wav,one
s1_test_0163.wav,one
s1_test_0164.wav,one
s1_test_0165.wav,one
s1_test_0166.wav,one
s1_test_0167.wav,one
s1_test_0168.wav,one
s1_test_0169.wav,one
s1_test_0170.wav,one
s1_test_0171.wav,one
s1_test_0172.wav,one
s1_test_0173.wav,one
s1_test_0174.wav,one
s1_test_0175.wav,one
s1_test_0176.wav,one
s1_test_0177.wav,one
s1_test_0178.wav,one
s1_test_0179.wav,one
s1_test_0180.wav,one
s1_test_0181.wav,one
s1_test_0182.wav,one
s1_test_0183.wav,one
s1_test_0184.wav,one
s1_test_0185.wav,one
s1_test_0186.wav,one
s1_test_0187.wav,one
s1_test_0188.wav,one
s1_test_0189.wav,one
s1_test_0190.wav,one
s1_test_0191.wav,one
s1_test_0192.wav,one
s1_test_0193.wav,one
s1_test_0194.wav,one
s1_test_0195.wav,one
s1_test_0196.wav,one
s1_test_0197.wav,one
s1_test_0198.wav,one
s1_test_0199.wav,one
s1_test_0200.wav,one
s1_test_0201.wav,one
s1_test_0202.wav,one
s1_test_0203.wav,one
s1_test_0204.wav,one
s1_test_0205.wav,one
s1_test_0206.wav,one
s1_test_0207.wav,one
s1_test_0208.wav,one
s1_test_0209.wav,one
s1_test_0210.wav,one
s1_test_0211.wav,one
s1_test_0212.wav,one
s1_test_0213.wav,one
s1_test_0214.wav,one
s1_test_0215.wav,one
s1_test_0216.wav,one
s1_test_0217.wav,one
s1_test_0218.wav,one
s1_test_0219.wav,one
s1_test_0220.wav,one
s1_test_0221.wav,one
s1_test_0222.wav,one
s1_test_0223.wav,one
s1_test_0224.wav,one
s1_test_0225.wav,one
s1_test_0226.wav,one
s1_test_0227.wav,one
s1_test_0228.wav,one
s1_test_0229.wav,one
s1_test_0230.wav,one
s1_test_0231.wav,one
s1_test_0232.wav,one
s1_test_0233.wav,one
s1_test_0234.wav,one
s1_test_0235.wav,one
s1_test_0236.wav,one
s1_test_0237.wav,one
s1_test_0238.wav,one
s1_test_0239.wav,one
s1_test_0240.wav,one
s1_test_0241.wav,one
s1_test_0242.wav,one
s1_test_0243.wav,one
s1_test_0244.wav,one
s1_test_0245.wav,one
s1_test_0246.wav,one
s1_test_0247.wav,one
s1_test_0248.wav,one
s1_test_0249.wav,one
s1_test_0250.wav,one
s1_test_0251.wav,one
s1_test_0252.wav,one
s1_test_0253.wav,one
s1_test_0254.wav,one
s1_test_0255.wav,one
s1_test_0256.wav,one
s1_test_0257.wav,one
s1_test_0258.wav,one
s1_test_0259.wav,one
s1_test_0260.wav,one
s1_test_0261.wav,one
s1_test_0262.wav,one
s1_test_0263.wav,one
s1_test_0264.wav,one
s1_test_0265.wav,one
s1_test_0266.wav,one
s1_test_0267.wav,one
s1_test_0268.wav,one
s1_test_0269.wav,one
s1_test_0270.wav,one
s1_test_0271.wav,one
s1_test_0272.wav,one
s1_test_0273.wav,one
s1_test_0274.wav,one
s1_test_0275.wav,one
s1_test_0276.wav,one
s1_test_0277.wav,one
s1_test_0278.wav,one
s1_test_0279.wav,one
s1_test_0280.wav,one
s1_test_0281.wav,one
s1_test_0282.wav,one
s1_test_0283.wav,one
s1_test_0284.wav,one
s1_test_0285.wav,one
s1_test_0286.wav,one
s1_test_0287.wav,one
s1_test_0288.wav,one
s1_test_0289.wav,one
s1_test_0290.wav,one
s1_test_0291.wav,one
s1_test_0292.wav,one
s1_test_0293.wav,one
s1_test_0294.wav,one
s1_test_0295.wav,one
s1_test_0296.wav,one
s1_test_0297.wav,one
s1_test_0298.wav,one
s1_test_0299.wav,one
s1_test_0300.wav,one
s1_test_0301.wav,one
s1_test_0302.wav,one
s1_test_0303.wav,one
s1_test_0304.wav,one
s1_test_0305.wav,one
s1_test_0306.wav,one
s1_test_0307.wav,one
s1_test_0308.wav,one
s1_test_0309.wav,one
s1_test_0310.wav,one
s1_test_0311.wav,one
s1_test_0312.wav,one
s1_test_0313.wav,one
s1_test_0314.wav,one
s1_test_0315.wav,one
s1_test_0316.wav,one
s1_test_0317.wav,one
s1_test_0318.wav,one
s1_test_0319.wav,one
s1_test_0320.wav,one
s1_test_0321.wav,one
s1_test_0322.wav,one
s1_test_0323.wav,one
s1_test_0324.wav,one
s1_test_0325.wav,one
s1_test_0326.wav,one
s1_test_0327.wav,one
s1_test_0328.wav,one
s1_test_0329.wav,one
s1_test_0330.wav,one
s1_test_0331.wav,one
s1_test_0332.wav,one
s1_test_0333.wav,one
s1_test_0334.wav,one
s1_test_0335.wav,one
s1_test_0336.wav,one
s1_test_0337.wav,one
s1_test_0338.wav,one
s1_test_0339.wav,one
s1_test_0340.wav,one
s1_test_0341.wav,one
s1_test_0342.wav,one
s1_test_0343.wav,one
s1_test_0344.wav,one
s1_test_0345.wav,one
s1_test_0346.wav,one
s1_test_0347.wav,one
s1_test_0348.wav,one
s1_test_0349.wav,one
s1_test_0350.wav,one
s1_test_0351.wav,one
s1_test_0352.wav,one
s1_test_0353.wav,one
s1_test_0354.wav,one
s1_test_0355.wav,one
s1_test_0356.wav,one
s1_test_0357.wav,one
s1_test_0358.wav,one
s1_test_0359.wav,one
s1_test_0360.wav,one
s1_test_0361.wav,one
s1_test_0362.wav,one
s1_test_0363.wav,one
s1_test_0364.wav,one
s1_test_0365.wav,one
s1_test_0366.wav,one
s1_test_0367.wav,one
s1_test_0368.wav,one
s1_test_0369.wav,one
s1_test_0370.wav,one
s1_test_0371.wav,one
s1_test_0372.wav,one
s1_test_0373.wav,one
s1_test_0374.wav,one
s1_test_0375.wav,one
s1_test_0376.wav,one
s1_test_0377.wav,one
s1_test_0378.wav,one
s1_test_0379.wav,one
s1_test_0380.wav,one
s1_test_0381.wav,one
s1_test_0382.wav,one
s1_test_0383.wav,one
s1_test_0384.wav,one
s1_test_0385.wav,one
s1_test_0386.wav,one
s1_test_0387.wav,one
s1_test_0388.wav,one
s1_test_0389.wav,one
s1_test_0390.wav,one
s1_test_0391.wav,one
s1_test_0392.wav,one
s1_test_0393.wav,one
s1_test_0394.wav,one
s1_test_0395.wav,one
s1_test_0396.wav,one
s1_test_0397.wav,one
s1_test_0398.wav,one
s1_test_0399.wav,one
s1_test_0400.wav,one
s1_test_0401.wav,one
s1_test_0402.wav,one
s1_test_0403.wav,one
s1_test_0404.wav,one
s1_test_0405.wav,one
s1_test_0406.wav,one
s1_test_0407.wav,one
s1_test_0408.wav,one
s1_test_0409.wav,one
s1_test_0410.wav,one
s1_test_0411.wav,one
s1_test_0412.wav,one
s1_test_0413.wav,one
s1_test_0414.wav,one
s1_test_0415.wav,one
s1_test_0416.wav,one
s1_test_0417.wav,one
s1_test_0418.wav,one
s1_test_0419.wav,one
s1_test_0420.wav,one
s1_test_0421.wav,one
s1_test_0422.wav,one
s1_test_0423.wav,one
s1_test_0424.wav,one
s1_test_0425.wav,one
s1_test_0426.wav,one
s1_test_0427.wav,one
s1_test_0428.wav,one
s1_test_0429.wav,one
s1_test_0430.wav,one
s1_test_0431.wav,one
s1_test_0432.wav,one
s1_test_0433.wav,one
s1_test_0434.wav,one
s1_test_0435.wav,one
s1_test_0436.wav,one
s1_test_0437.wav,one
s1_test_0438.wav,one
s1_test_0439.wav,one
s1_test_0440.wav,one
s1_test_0441.wav,one
s1_test_0442.wav,one
s1_test_0443.wav,one
s1_test_0444.wav,one
s1_test_0445.wav,one
s1_test_0446.wav,one
s1_test_0447.wav,one
s1_test_0448.wav,one
s1_test_0449.wav,one
s1_test_0450.wav,one
s1_test_0451.wav,one
s1_test_0452.wav,one
s1_test_0453.wav,one
s1_test_0454.wav,one
s1_test_0455.wav,one
s1_test_0456.wav,one
s1_test_0457.wav,one
s1_test_0458.wav,one
s1_test_0459.wav,one
s1_test_0460.wav,one
s1_test_0461.wav,one
s1_test_0462.wav,one
s1_test_0463.wav,one
s1_test_0464.wav,one
s1_test_0465.wav,one
s1_test_0466.wav,one
s1_test_0467.wav,one
s1_test_0468.wav,one
s1_test_0469.wav,one
s1_test_0470.wav,one
s1_test_0471.wav,one
s1_test_0472.wav,one
s1_test_0473.wav,one
s1_test_0474.wav,one
s1_test_0475.wav,one
s1_test_0476.wav,one
s1_test_0477.wav,one
s1_test_0478.wav,one
s1_test_0479.wav,one
s1_test_0480.wav,one
s1_test_0481.wav,one
s1_test_0482.wav,one
s1_test_0483.wav,one
s1_test_0484.wav,one
s1_test_0485.wav,one
s1_test_0486.wav,one
s1_test_0487.wav,one
s1_test_0488.wav,one
s1_test_0489.wav,one
s1_test_0490.wav,one
s1_test_0491.wav,one
s1_test_0492.wav,one
s1_test_0493.wav,one
s1_test_0494.wav,one
s1_test_0495.wav,one
s1_test_0496.wav,one
s1_test_0497.wav,one
s1_test_0498.wav,one
s1_test_0499.wav,one
s1_test_0500.wav,one
s1_test_0501.wav,one
s1_test_0502.wav,one
s1_test_0503.wav,one
s1_test_0504.wav,one
s1_test_0505.wav,one
s1_test_0506.wav,one
s1_test_0507.wav,one
s1_test_0508.wav,one
s1_test_0509.wav,one
s1_test_0510.wav,one
s1_test_0511.wav,one
s1_test_0512.wav,one
s1_test_0513.wav,one
s1_test_0514.wav,one
s1_test_0515.wav,one
s1_test_0516.wav,one
s1_test_0517.wav,one
s1_test_0518.wav,one
s1_test_0519.wav,one
s1_test_0520.wav,one
s1_test_0521.wav,one
s1_test_0522.wav,one
s1_test_0523.wav,one
s1_test_0524.wav,one
s1_test_0525.wav,one
s1_test_0526.wav,one
s1_test_0527.wav,one
s1_test_0528.wav,one
s1_test_0529.wav,one
s1_test_0530.wav,one
s1_test_0531.wav,one
s1_test_0532.wav,one
s1_test_0533.wav,one
s1_test_0534.wav,one
s1_test_0535.wav,one
s1_test_0536.wav,one
s1_test_0537.wav,one
s1_test_0538.wav,one
s1_test_0539.wav,one
s1_test_0540.wav,one
s1_test_0541.wav,one
s1_test_0542.wav,one
s1_test_0543.wav,one
s1_test_0544.wav,one
s1_test_0545.wav,one
s1_test_0546.wav,one
s1_test_0547.wav,one
s1_test_0548.wav,one
s1_test_0549.wav,one
s1_test_0550.wav,one
s1_test_0551.wav,one
s1_test_0552.wav,one
s1_test_0553.wav,one
s1_test_0554.wav,one
s1_test_0555.wav,one
s1_test_0556.wav,one
s1_test_0557.wav,one
s1_test_0558.wav,one
s1_test_0559.wav,one
s1_test_0560.wav,one
s1_test_0561.wav,one
s1_test_0562.wav,one
s1_test_0563.wav,one
s1_test_0564.wav,one
s1_test_0565.wav,one
s1_test_0566.wav,one
s1_test_0567.wav,one
s1_test_0568.wav,one
s1_test_0569.wav,one
s1_test_0570.wav,one
s1_test_0571.wav,one
s1_test_0572.wav,one
s1_test_0573.wav,one
s1_test_0574.wav,one
s1_test_0575.wav,one
s1_test_0576.wav,one
s1_test_0577.wav,one
s1_test_0578.wav,one
s1_test_0579.wav,one
s1_test_0580.wav,one
s1_test_0581.wav,one
s1_test_0582.wav,one
s1_test_0583.wav,one
s1_test_0584.wav,one
s1_test_0585.wav,one
s1_test_0586.wav,one
s1_test_0587.wav,one
s1_test_0588.wav,one
s1_test_0589.wav,one
s1_test_0590.wav,one
s1_test_0591.wav,one
s1_test_0592.wav,one
s1_test_0593.wav,one
s1_test_0594.wav,one
s1_test_0595.wav,one
s1_test_0596.wav,one
s1_test_0597.wav,one
s1_test_0598.wav,one
s1_test_0599.wav,one
s1_test_0600.wav,one
s1_test_0601.wav,one
s1_test_0602.wav,one
s1_test_0603.wav,one
s1_test_0604.wav,one
s1_test_0605.wav,one
s1_test_0606.wav,one
s1_test_0607.wav,one
s1_test_0608.wav,one
s1_test_0609.wav,one
s1_test_0610.wav,one
s1_test_0611.wav,one
s1_test_0612.wav,one
s1_test_0613.wav,one
s1_test_0614.wav,one
s1_test_0615.wav,one
s1_test_0616.wav,one
s1_test_0617.wav,one
s1_test_0618.wav,one
s1_test_0619.wav,one
s1_test_0620.wav,one
s1_test_0621.wav,one
s1_test_0622.wav,one
s1_test_0623.wav,one
s1_test_0624.wav,one
s1_test_0625.wav,one
s1_test_0626.wav,one
s1_test_0627.wav,one
s1_test_0628.wav,one
s1_test_0629.wav,one
s1_test_0630.wav,one
s1_test_0631.wav,one
s1_test_0632.wav,one
s1_test_0633.wav,one
s1_test_0634.wav,one
s1_test_0635.wav,one
s1_test_0636.wav,one
s1_test_0637.wav,one
s1_test_0638.wav,one
s1_test_0639.wav,one
s1_test_0640.wav,one
s1_test_0641.wav,one
s1_test_0642.wav,one
s1_test_0643.wav,one
s1_test_0644.wav,one
s1_test_0645.wav,one
s1_test_0646.wav,one
s1_test_0647.wav,one
s1_test_0648.wav,one
